,class,precision,recall,f1-score,accuracy
0,A,0.0,0.0,,0.965977
1,B,0.0,0.0,,0.97011495
2,C,0.0,0.0,,0.9641379
3,D,0.05730337,0.6891892,0.10580913,0.60367817
4,E,0.0,0.0,,0.96229887
5,F,0.0,0.0,,0.9627586
6,G,0.0,0.0,,0.9678161
7,H,0.0,0.0,,0.96091956
8,I,0.0,0.0,,0.96045977
9,J,0.0,0.0,,0.9632184
10,K,0.0,0.0,,0.9664368
11,L,0.0,0.0,,0.9691954
12,M,0.0,0.0,,0.9673563
13,N,0.051569507,0.27058825,0.086629,0.7770115
14,O,0.0,0.0,,0.9632184
15,P,0.0,0.0,,0.97103447
16,Q,0.0,0.0,,0.96873564
17,R,0.0,0.0,,0.97057474
18,S,0.0,0.0,,0.965977
19,T,0.0,0.0,,0.9678161
20,U,0.0,0.0,,0.9691954
21,V,0.0,0.0,,0.9664368
22,W,0.056410257,0.1392405,0.08029198,0.8841379
23,X,0.0,0.0,,0.9641379
24,Y,0.0,0.0,,0.9650575
25,Z,0.0,0.0,,0.96965516
26,space,0.045751635,0.25301206,0.07749078,0.77011496
27,del,0.1097561,0.19354838,0.1400778,0.8983908
28,nothing,0.0,0.0,,0.95816094
